{
    "programmers": [{
                    "firstName": "Brett",
                    "lastName": "McLaughlin",
                    "email": "aaaa"
                    }, {
                    "firstName": "Elliotte",
                    "lastName": "Harold",
                    "email": "cccc"
                    }],
    "authors": [{
                "firstName": "Isaac",
                "lastName": "Asimov",
                "genre": "sciencefiction"
                }, {
                "firstName": "Frank",
                "lastName": "Peretti",
                "genre": "christianfiction"
                }],
    "musicians": [{
                  "firstName": "Eric",
                  "lastName": "Clapton",
                  "instrument": "guitar"
                  }, {
                  "firstName": "Sergei",
                  "lastName": "Rachmaninoff",
                  "instrument": "piano"
                  }]
}

