{
    "rating": {
        "max": 10,
        "average": 5,
        "stars": "25",
        "min": 0
    },
    "reviews_count": 149,
    "wish_count": 3080,
    "douban_site": "",
    "year": "2015",
    "images": {
        "small": "https://img3.doubanio.com/view/movie_poster_cover/ipst/public/p2276855500.jpg",
        "large": "https://img3.doubanio.com/view/movie_poster_cover/lpst/public/p2276855500.jpg",
        "medium": "https://img3.doubanio.com/view/movie_poster_cover/spst/public/p2276855500.jpg"
    },
    "alt": "https://movie.douban.com/subject/25881786/",
    "id": "25881786",
    "mobile_url": "https://movie.douban.com/subject/25881786/mobile",
    "title": "前任2：备胎反击战",
    "do_count": null,
    "share_url": "https://m.douban.com/movie/subject/25881786",
    "seasons_count": null,
    "schedule_url": "",
    "episodes_count": null,
    "countries": [
                  "中国大陆",
                  "香港"
                  ],
    "genres": [
               "喜剧",
               "爱情"
               ],
    "collect_count": 44891,
    "casts": [
              {
              "alt": "https://movie.douban.com/celebrity/1275564/",
              "avatars": {
              "small": "https://img1.doubanio.com/img/celebrity/small/1418027531.17.jpg",
              "large": "https://img1.doubanio.com/img/celebrity/large/1418027531.17.jpg",
              "medium": "https://img1.doubanio.com/img/celebrity/medium/1418027531.17.jpg"
              },
              "name": "郑恺",
              "id": "1275564"
              },
              {
              "alt": "https://movie.douban.com/celebrity/1274814/",
              "avatars": {
              "small": "https://img3.doubanio.com/img/celebrity/small/44400.jpg",
              "large": "https://img3.doubanio.com/img/celebrity/large/44400.jpg",
              "medium": "https://img3.doubanio.com/img/celebrity/medium/44400.jpg"
              },
              "name": "郭采洁",
              "id": "1274814"
              },
              {
              "alt": "https://movie.douban.com/celebrity/1313837/",
              "avatars": {
              "small": "https://img3.doubanio.com/img/celebrity/small/34851.jpg",
              "large": "https://img3.doubanio.com/img/celebrity/large/34851.jpg",
              "medium": "https://img3.doubanio.com/img/celebrity/medium/34851.jpg"
              },
              "name": "王传君",
              "id": "1313837"
              },
              {
              "alt": "https://movie.douban.com/celebrity/1325123/",
              "avatars": {
              "small": "https://img3.doubanio.com/img/celebrity/small/1375689796.4.jpg",
              "large": "https://img3.doubanio.com/img/celebrity/large/1375689796.4.jpg",
              "medium": "https://img3.doubanio.com/img/celebrity/medium/1375689796.4.jpg"
              },
              "name": "张殿伦",
              "id": "1325123"
              }
              ],
    "current_season": null,
    "original_title": "前任2：备胎反击战",
    "summary": "节目编导伊泽（郭采洁 饰）在工作中重遇多年前有过一次邂逅的明星余飞（郑恺 饰），两人的再度邂逅让伊泽如入梦境，原以为美梦成真时，童话破碎了，伊泽暗暗做出了一个决定……在一场“谁先认真谁就输了”的爱情游戏中，谁会是最后赢家呢？",
    "subtype": "movie",
    "directors": [
                  {
                  "alt": "https://movie.douban.com/celebrity/1332171/",
                  "avatars": {
                  "small": "https://img3.doubanio.com/img/celebrity/small/1391439365.41.jpg",
                  "large": "https://img3.doubanio.com/img/celebrity/large/1391439365.41.jpg",
                  "medium": "https://img3.doubanio.com/img/celebrity/medium/1391439365.41.jpg"
                  },
                  "name": "田羽生",
                  "id": "1332171"
                  }
                  ],
    "comments_count": 15916,
    "ratings_count": 39208,
    "aka": [
            "前任2备胎反击战",
            "现任攻略",
            "男人攻略",
            "备胎攻略",
            "前任攻略2",
            "Ex-Files 2: The Backup Strikes Back"
            ]
}